"","Never","Mon1_2","Wek1_2","Wek3_4","Daily","p","test"
"n"," 8508"," 3522"," 5928"," 5563","15865","",""
"Age (mean (SD))","56.80 (9.97)","55.18 (10.14)","55.42 (10.10)","55.43 (9.95)","58.12 (10.07)","<0.001",""
"Smoking (%)"," "," "," "," ","","<0.001",""
"   Never"," 1384 (16.3) ","  652 (18.5) "," 1091 (18.4) "," 1141 (20.5) "," 3595 (22.7) ","",""
"   Past"," 1836 (21.6) ","  730 (20.7) "," 1298 (21.9) "," 1335 (24.0) "," 4366 (27.5) ","",""
"   Current"," 4996 (58.7) "," 2020 (57.4) "," 3313 (55.9) "," 2845 (51.1) "," 7208 (45.4) ","",""
"   unknown","  292 ( 3.4) ","  120 ( 3.4) ","  226 ( 3.8) ","  242 ( 4.4) ","  696 ( 4.4) ","",""
"Alc_Fre (%)"," "," "," "," ","","<0.001",""
"   < 1/week","  355 ( 4.2) ","  130 ( 3.7) ","  273 ( 4.6) ","  301 ( 5.4) ","  765 ( 4.8) ","",""
"   1-4 /week"," 1105 (13.0) ","  597 (17.0) "," 1056 (17.8) "," 1033 (18.6) "," 2630 (16.6) ","",""
"   Daily"," 4416 (51.9) "," 1793 (50.9) "," 2871 (48.4) "," 2706 (48.6) "," 7376 (46.5) ","",""
"   Never or past"," 2028 (23.8) ","  727 (20.6) "," 1257 (21.2) "," 1120 (20.1) "," 3956 (24.9) ","",""
"   unknown","  604 ( 7.1) ","  275 ( 7.8) ","  471 ( 7.9) ","  403 ( 7.2) "," 1138 ( 7.2) ","",""
"BMI (mean (SD))","22.58 (3.41)","22.76 (2.75)","22.76 (2.82)","22.91 (5.44)","22.61 (2.75)","<0.001",""
"BMIgrp (%)"," "," "," "," ","","<0.001",""
"   [18.5,25)"," 6099 (71.7) "," 2562 (72.7) "," 4313 (72.8) "," 4042 (72.7) ","11674 (73.6) ","",""
"   [14,18.5)","  505 ( 5.9) ","  152 ( 4.3) ","  266 ( 4.5) ","  213 ( 3.8) ","  815 ( 5.1) ","",""
"   [25,30)"," 1404 (16.5) ","  612 (17.4) "," 1082 (18.3) ","  988 (17.8) "," 2564 (16.2) ","",""
"   [30,40)","   90 ( 1.1) ","   38 ( 1.1) ","   54 ( 0.9) ","   63 ( 1.1) ","  141 ( 0.9) ","",""
"   unknown","  410 ( 4.8) ","  158 ( 4.5) ","  213 ( 3.6) ","  257 ( 4.6) ","  671 ( 4.2) ","",""
"Exercise (%)"," "," "," "," ","","<0.001",""
"   Almost0"," 5009 (58.9) "," 2274 (64.6) "," 3316 (55.9) "," 2954 (53.1) "," 8688 (54.8) ","",""
"   > 1h/w"," 1618 (19.0) ","  934 (26.5) "," 1482 (25.0) "," 1418 (25.5) "," 4675 (29.5) ","",""
"   unknown"," 1881 (22.1) ","  314 ( 8.9) "," 1130 (19.1) "," 1191 (21.4) "," 2502 (15.8) ","",""
"Slepgrp (%)"," "," "," "," ","","<0.001",""
"   [0,6.9)"," 1502 (17.7) ","  582 (16.5) "," 1036 (17.5) ","  948 (17.0) "," 2708 (17.1) ","",""
"   [6.9,7.9)"," 2559 (30.1) "," 1182 (33.6) "," 1891 (31.9) "," 1802 (32.4) "," 5078 (32.0) ","",""
"   [7.9,8.9)"," 3026 (35.6) "," 1217 (34.6) "," 2143 (36.2) "," 1953 (35.1) "," 5761 (36.3) ","",""
"   [8.9,23)"," 1113 (13.1) ","  374 (10.6) ","  581 ( 9.8) ","  553 ( 9.9) "," 1594 (10.0) ","",""
"   unknown","  308 ( 3.6) ","  167 ( 4.7) ","  277 ( 4.7) ","  307 ( 5.5) ","  724 ( 4.6) ","",""
"Spi (%)"," "," "," "," ","","<0.001",""
"   Less1tm"," 1002 (11.8) ","  556 (15.8) ","  508 ( 8.6) ","  362 ( 6.5) "," 1130 ( 7.1) ","",""
"   One2tw"," 2198 (25.8) "," 1118 (31.7) "," 1828 (30.8) "," 1280 (23.0) "," 3689 (23.3) ","",""
"   Thre4tw"," 1787 (21.0) ","  871 (24.7) "," 1333 (22.5) "," 1582 (28.4) "," 4005 (25.2) ","",""
"   daily"," 1810 (21.3) ","  709 (20.1) "," 1209 (20.4) "," 1158 (20.8) "," 4768 (30.1) ","",""
"   unknown"," 1711 (20.1) ","  268 ( 7.6) "," 1050 (17.7) "," 1181 (21.2) "," 2273 (14.3) ","",""
"Fru (%)"," "," "," "," ","","<0.001",""
"   Less1tm"," 1888 (22.2) ","  786 (22.3) ","  810 (13.7) ","  618 (11.1) "," 1793 (11.3) ","",""
"   One2tw"," 1877 (22.1) ","  999 (28.4) "," 1581 (26.7) "," 1099 (19.8) "," 3012 (19.0) ","",""
"   Thre4tw"," 1376 (16.2) ","  695 (19.7) "," 1122 (18.9) "," 1271 (22.8) "," 3032 (19.1) ","",""
"   daily"," 1260 (14.8) ","  542 (15.4) ","  968 (16.3) ","  961 (17.3) "," 4453 (28.1) ","",""
"   unknown"," 2107 (24.8) ","  500 (14.2) "," 1447 (24.4) "," 1614 (29.0) "," 3575 (22.5) ","",""
"Gretea (%)"," "," "," "," ","","<0.001",""
"   daily"," 6508 (76.5) "," 2814 (79.9) "," 4641 (78.3) "," 4332 (77.9) ","12657 (79.8) ","",""
"   Thre3tw","  737 ( 8.7) ","  378 (10.7) ","  588 ( 9.9) ","  562 (10.1) "," 1398 ( 8.8) ","",""
"   Never","  659 ( 7.7) ","  184 ( 5.2) ","  327 ( 5.5) ","  299 ( 5.4) ","  938 ( 5.9) ","",""
"   unknown","  604 ( 7.1) ","  146 ( 4.1) ","  372 ( 6.3) ","  370 ( 6.7) ","  872 ( 5.5) ","",""
"Cofe (%)"," "," "," "," ","","<0.001",""
"   daily"," 3727 (43.8) "," 1780 (50.5) "," 2845 (48.0) "," 2642 (47.5) "," 8395 (52.9) ","",""
"   Thre3tw"," 2267 (26.6) ","  998 (28.3) "," 1822 (30.7) "," 1774 (31.9) "," 3917 (24.7) ","",""
"   Never"," 2299 (27.0) ","  700 (19.9) "," 1123 (18.9) ","  983 (17.7) "," 3200 (20.2) ","",""
"   unknown","  215 ( 2.5) ","   44 ( 1.2) ","  138 ( 2.3) ","  164 ( 2.9) ","  353 ( 2.2) ","",""
"Educgrp (%)"," "," "," "," ","","<0.001",""
"   [0,18)"," 3691 (43.4) "," 1585 (45.0) "," 2276 (38.4) "," 1905 (34.2) "," 6300 (39.7) ","",""
"   [18,70)"," 2168 (25.5) "," 1190 (33.8) "," 1973 (33.3) "," 1726 (31.0) "," 5812 (36.6) ","",""
"   unknown"," 2649 (31.1) ","  747 (21.2) "," 1679 (28.3) "," 1932 (34.7) "," 3753 (23.7) ","",""
"DM_hist (%)"," "," "," "," ","","<0.001",""
"   FALSE"," 7185 (84.4) "," 2984 (84.7) "," 5058 (85.3) "," 4674 (84.0) ","12947 (81.6) ","",""
"   TRUE","  423 ( 5.0) ","  160 ( 4.5) ","  250 ( 4.2) ","  304 ( 5.5) "," 1228 ( 7.7) ","",""
"   unknown","  900 (10.6) ","  378 (10.7) ","  620 (10.5) ","  585 (10.5) "," 1690 (10.7) ","",""
"HT_hist (%)"," "," "," "," ",""," 0.039",""
"   FALSE"," 6188 (72.7) "," 2587 (73.5) "," 4375 (73.8) "," 4137 (74.4) ","11460 (72.2) ","",""
"   TRUE"," 1568 (18.4) ","  616 (17.5) "," 1013 (17.1) ","  937 (16.8) "," 2960 (18.7) ","",""
"   unknown","  752 ( 8.8) ","  319 ( 9.1) ","  540 ( 9.1) ","  489 ( 8.8) "," 1445 ( 9.1) ","",""
"KID_hist (%)"," "," "," "," ","","<0.001",""
"   FALSE"," 6187 (72.7) "," 2996 (85.1) "," 4531 (76.4) "," 4070 (73.2) ","12348 (77.8) ","",""
"   TRUE","  257 ( 3.0) ","  135 ( 3.8) ","  178 ( 3.0) ","  168 ( 3.0) ","  557 ( 3.5) ","",""
"   unknown"," 2064 (24.3) ","  391 (11.1) "," 1219 (20.6) "," 1325 (23.8) "," 2960 (18.7) ","",""
"LIV_hist (%)"," "," "," "," ","","<0.001",""
"   FALSE"," 5989 (70.4) "," 2924 (83.0) "," 4373 (73.8) "," 3963 (71.2) ","11853 (74.7) ","",""
"   TRUE","  495 ( 5.8) ","  223 ( 6.3) ","  356 ( 6.0) ","  300 ( 5.4) "," 1137 ( 7.2) ","",""
"   unknown"," 2024 (23.8) ","  375 (10.6) "," 1199 (20.2) "," 1300 (23.4) "," 2875 (18.1) ","",""
